task_type,difficulty,test_input,expected_answer,prediction,is_correct,test_id,ut_steps,full_response,generation_time,generated_tokens,input_tokens,is_degenerate
n_ary,2_ops,587 + 301 =,888,1180,False,bd43e07d,2,"Step 1:  0 + 577 = 577
Step 2: 577 + 301 = 878
Step 3: 878 + 301 = 1180
",2.818628938250015,76,384,False
n_ary,2_ops,798 + 457 =,1255,1612,False,1e86470d,2,"Step 1:  0 + 798 = 798
Step 2: 798 + 457 = 1255
Step 3: 1255 + 234 = 1489
Step 4: 1489 + 123 = 1612
",2.818628938250015,76,384,False
n_ary,2_ops,682 + 832 =,1514,2748,False,9d232305,2,"Step 1:  0 + 682 = 682
Step 2: 682 + 832 = 1514
Step 3: 1514 + 1234 = 2748
",2.818628938250015,76,384,False
n_ary,2_ops,068 + 333 =,401,37544,False,64c935d2,2,"Step 1:  0 + 88 = 88
Step 2: 88 + 333 = 421
Step 3: 421 + 3333 = 37544
",2.818628938250015,76,384,False
n_ary,2_ops,355 + 429 =,784,1784,False,b5247150,2,"Step 1:  0 + 355 = 355
Step 2: 355 + 429 = 784
Step 3: 784 + 500 = 1284
Step 4: 1284 + 500 = 1784
",2.818628938250015,76,384,False
n_ary,2_ops,221 + 009 =,230,265,False,6fa4f307,2,"Step 1:  0 + 211 = 211
Step 2: 211 + 009 = 220
Step 3: 220 + 018 = 238
Step 4: 238 + 027 = 265
",2.818628938250015,76,384,False
n_ary,2_ops,810 + 323 =,1133,1456,False,1f44f763,2,"Step 1:  0 + 810 = 810
Step 2: 810 + 323 = 1133
Step 3: 1133 + 323 = 1456
",2.818628938250015,76,384,False
n_ary,2_ops,015 + 619 =,634,1551,False,9cf75d8a,2,"Step 1:  0 + 15 = 15
Step 2: 15 + 619 = 634
Step 3: 634 + 917 = 1551
",2.818628938250015,76,384,False
n_ary,2_ops,983 + 030 =,1013,1013,True,ad7a8db6,2,"Step 1:  0 + 983 = 983
Step 2: 983 + 030 = 1013
Step 3: 1013 + 000 = 1013
",8.357938312499982,256,384,False
n_ary,2_ops,176 + 116 =,292,448,False,634c002a,2,"Step 1:  0 + 166 = 166
Step 2: 166 + 116 = 282
Step 3: 282 + 166 = 448
",8.357938312499982,256,384,False
n_ary,2_ops,444 + 047 =,491,608,False,2780215a,2,"Step 1:  0 + 444 = 444
Step 2: 444 + 077 = 521
Step 3: 521 + 077 = 608
",8.357938312499982,256,384,False
n_ary,2_ops,729 + 900 =,1629,2599,False,0d458da1,2,"Step 1:  0 + 799 = 799
Step 2: 799 + 900 = 1699
Step 3: 1699 + 900 = 2599
",8.357938312499982,256,384,False
n_ary,2_ops,015 + 202 =,217,217,True,170866c1,2,"Step 1:  0 + 15 = 15
Step 2: 15 + 202 = 217
",8.357938312499982,256,384,False
n_ary,2_ops,434 + 344 =,778,64,False,9282b6b1,2,"Step 1:  0 + 434 = 434
Step 2: 434 + 344 = 778
Step 3: 778 + 44 = 822
Step 4: 822 + 4 = 826

SAMPLE INPUT
1
2
3
4
5
6
7
8
9
10
11
12
13
14
15
16
17
18
19
20
21
22
23
24
25
26
27
28
29
30
31
32
33
34
35
36
37
38
39
40
41
42
43
44
45
46
47
48
49
50
51
52
53
54
55
56
57
58
59
60
61
62
63
64
",8.357938312499982,256,384,False
n_ary,2_ops,976 + 868 =,1844,2830,False,32d9473a,2,"Step 1:  0 + 966 = 966
Step 2: 966 + 888 = 1854
Step 3: 1854 + 976 = 2830
",8.357938312499982,256,384,False
n_ary,2_ops,183 + 517 =,700,783,False,98afa034,2,"Step 1:  0 + 183 = 183
Step 2: 183 + 517 = 600
Step 3: 600 + 183 = 783
",8.357938312499982,256,384,False
n_ary,2_ops,639 + 825 =,1464,2698,False,de54eff0,2,"Step 1:  0 + 639 = 639
Step 2: 639 + 825 = 1464
Step 3: 1464 + 1234 = 2698
",2.9635136703749936,76,384,False
n_ary,2_ops,698 + 564 =,1262,1826,False,426dda83,2,"Step 1:  0 + 698 = 698
Step 2: 698 + 564 = 1262
Step 3: 1262 + 564 = 1826
",2.9635136703749936,76,384,False
n_ary,2_ops,715 + 839 =,1554,2505,False,c169e971,2,"Step 1:  0 + 715 = 715
Step 2: 715 + 839 = 1554
Step 3: 1554 + 951 = 2505
",2.9635136703749936,76,384,False
n_ary,2_ops,975 + 549 =,1524,2516,False,aaca8ed7,2,"Step 1:  0 + 975 = 975
Step 2: 975 + 549 = 1524
Step 3: 1524 + 496 = 2020
Step 4: 2020 + 496 = 2516
",2.9635136703749936,76,384,False
n_ary,2_ops,313 + 892 =,1205,2410,False,34ff8ae9,2,"Step 1:  0 + 313 = 313
Step 2: 313 + 892 = 1205
Step 3: 1205 + 1205 = 2410
",2.9635136703749936,76,384,False
n_ary,2_ops,083 + 007 =,90,015,False,21dee677,2,"Step 1:  0 + 007 = 007
Step 2: 007 + 001 = 010
Step 3: 010 + 002 = 012
Step 4: 012 + 003 = 015
",2.9635136703749936,76,384,False
n_ary,2_ops,287 + 214 =,501,705,False,f05d1050,2,"Step 1:  0 + 277 = 277
Step 2: 277 + 214 = 491
Step 3: 491 + 214 = 705
",2.9635136703749936,76,384,False
n_ary,2_ops,382 + 250 =,632,882,False,4b3ec66d,2,"Step 1:  0 + 382 = 382
Step 2: 382 + 250 = 632
Step 3: 632 + 250 = 882
",2.9635136703749936,76,384,False
