task_type,difficulty,test_input,expected_answer,is_correct,test_id,ut_steps,full_response,prediction,generation_time,generated_tokens,input_tokens,prompt_idx
n_ary,4_ops,571 + 929 + 227 + 505 =,2232,True,916e726b,1,"Current: 0
Add 571: 0 + 571 = 571
Current: 571
Add 929: 571 + 929 = 1500
Current: 1500
Add 227: 1500 + 227 = 1727
Current: 1727
Add 505: 1727 + 505 = 2232
Final: 2232",2232,2.5747190694999915,119,417,0.0
n_ary,4_ops,641 + 577 + 724 + 163 =,2105,True,f841ced1,1,"Current: 0
Add 641: 0 + 641 = 641
Current: 641
Add 577: 641 + 577 = 1218
Current: 1218
Add 724: 1218 + 724 = 1942
Current: 1942
Add 163: 1942 + 163 = 2105
Final: 2105",2105,2.5747190694999915,119,417,1.0
n_ary,4_ops,022 + 390 + 387 + 546 =,1345,False,762a39cf,1,"Current: 0
Add 022: 0 + 22 = 22
Current: 22
Add 390: 22 + 390 = 412
Current: 412
Add 387: 412 + 387 = 809
Current: 809
Add 546: 809 + 546 = 1355
Final: 1355",1355,2.5747190694999915,108,417,2.0
n_ary,4_ops,778 + 893 + 025 + 278 =,1974,False,0af91c60,1,"Current: 0
Add 778: 0 + 778 = 778
Current: 778
Add 893: 778 + 893 = 1671
Current: 1671
Add 025: 1671 + 25 = 1696
Current: 1696
Add 278: 1696 + 278 = 2974
Final: 2974",2974,2.5747190694999915,117,417,3.0
n_ary,4_ops,802 + 437 + 288 + 677 =,2204,True,8fba27ec,1,"Current: 0
Add 802: 0 + 802 = 802
Current: 802
Add 437: 802 + 437 = 1239
Current: 1239
Add 288: 1239 + 288 = 1527
Current: 1527
Add 677: 1527 + 677 = 2204
Final: 2204",2204,2.5747190694999915,119,417,4.0
n_ary,4_ops,727 + 590 + 289 + 371 =,1977,False,812729a2,1,"Current: 0
Add 727: 0 + 727 = 727
Current: 727
Add 590: 727 + 590 = 1317
Current: 1317
Add 289: 1317 + 289 = 1606
Current: 1606
Add 371: 1606 + 371 = 2007
Final: 2007",2007,2.5747190694999915,119,417,5.0
n_ary,4_ops,599 + 075 + 609 + 635 =,1918,True,f766d1d6,1,"Current: 0
Add 599: 0 + 599 = 599
Current: 599
Add 075: 599 + 75 = 674
Current: 674
Add 609: 674 + 609 = 1283
Current: 1283
Add 635: 1283 + 635 = 1918
Final: 1918",1918,2.5747190694999915,114,417,6.0
n_ary,4_ops,210 + 906 + 547 + 081 =,1744,True,8779ab90,1,"Current: 0
Add 210: 0 + 210 = 210
Current: 210
Add 906: 210 + 906 = 1116
Current: 1116
Add 547: 1116 + 547 = 1663
Current: 1663
Add 081: 1663 + 81 = 1744
Final: 1744",1744,2.5747190694999915,117,417,7.0
n_ary,4_ops,539 + 656 + 297 + 325 =,1817,False,3533646f,1,ERROR: No output,ERROR,0.20388796250000496,0,417,
n_ary,4_ops,958 + 075 + 509 + 763 =,2305,False,26225216,1,ERROR: No output,ERROR,0.20388796250000496,0,417,
n_ary,8_ops,024 + 945 + 437 + 531 + 029 + 265 + 373 + 887 =,3491,False,39daf31d,1,ERROR: No output,ERROR,0.20388796250000496,0,437,
n_ary,8_ops,547 + 673 + 669 + 062 + 924 + 244 + 794 + 550 =,4463,False,389574d9,1,ERROR: No output,ERROR,0.20388796250000496,0,437,
n_ary,8_ops,905 + 785 + 656 + 292 + 493 + 310 + 302 + 290 =,4033,False,5128b2ad,1,ERROR: No output,ERROR,0.20388796250000496,0,437,
n_ary,8_ops,680 + 092 + 905 + 574 + 960 + 426 + 073 + 612 =,4322,False,a3a4d25c,1,ERROR: No output,ERROR,0.20388796250000496,0,437,
n_ary,8_ops,426 + 263 + 305 + 011 + 124 + 043 + 565 + 789 =,2526,False,c8ad7b5b,1,ERROR: No output,ERROR,0.20388796250000496,0,437,
n_ary,8_ops,970 + 895 + 047 + 118 + 190 + 504 + 419 + 317 =,3460,False,428bd397,1,ERROR: No output,ERROR,0.20388796250000496,0,437,
n_ary,8_ops,486 + 376 + 114 + 088 + 422 + 960 + 511 + 604 =,3561,False,637b2b6b,1,"Current: 0
Add 486: 0 + 486 = 486
Current: 486
Add 376: 486 + 376 = 862
Current: 862
Add 114: 862 + 114 = 976
Current: 976
Add 088: 976 + 88 = 1064
Current: 1064
Add 422: 1064 + 422 = 1486
Current: 1486
Add 511: 1486 + 511 = 2007
Current: 2007
Add 604: 2007 + 604 = 2611
Current: 2611
Add 960: 2611 + 960 = 3571
Current: 3571
Add 511: 3571 + 511 = 4082
Current: 4082
Add 604: 4082 + 604 = 4686
Final: 4686",4686,8.159800150750016,298,437,0.0
n_ary,8_ops,682 + 857 + 189 + 453 + 832 + 028 + 747 + 571 =,4359,True,76e18d3d,1,"Current: 0
Add 682: 0 + 682 = 682
Current: 682
Add 857: 682 + 857 = 1539
Current: 1539
Add 189: 1539 + 189 = 1728
Current: 1728
Add 453: 1728 + 453 = 2181
Current: 2181
Add 832: 2181 + 832 = 3013
Current: 3013
Add 028: 3013 + 28 = 3041
Current: 3041
Add 747: 3041 + 747 = 3788
Current: 3788
Add 571: 3788 + 571 = 4359
Current: 4359
Final: 4359",4359,8.159800150750016,249,437,1.0
n_ary,8_ops,448 + 799 + 459 + 855 + 353 + 482 + 959 + 769 =,5124,False,1f487819,1,"Current: 0
Add 448: 0 + 448 = 448
Current: 448
Add 799: 448 + 799 = 1247
Current: 1247
Add 459: 1247 + 459 = 1706
Current: 1706
Add 855: 1706 + 855 = 2561
Current: 2561
Add 353: 2561 + 353 = 2914
Current: 2914
Add 482: 2914 + 482 = 3406
Current: 3406
Add 959: 3406 + 959 = 4365
Current: 4365
Add 769: 4365 + 769 = 5134
Current: 5134
Final: 5134",5134,8.159800150750016,250,437,2.0
n_ary,8_ops,256 + 817 + 923 + 605 + 345 + 357 + 898 + 388 =,4589,True,ff79a96a,1,"Current: 0
Add 256: 0 + 256 = 256
Current: 256
Add 817: 256 + 817 = 1073
Current: 1073
Add 923: 1073 + 923 = 1996
Current: 1996
Add 605: 1996 + 605 = 2601
Current: 2601
Add 345: 2601 + 345 = 3046
Current: 3046
Add 357: 3046 + 357 = 3403
Current: 3403
Add 898: 3403 + 898 = 4201
Current: 4201
Add 388: 4201 + 388 = 4589
Current: 4589
Final: 4589",4589,8.159800150750016,250,437,3.0
p_hop,2_hops,Sequence: BBCCDCABCCBAADBABACADDAACDDADAABACACACAADACBCBBAACDBCACCCCDABDDCCDDAADCCACADBDBCDBCAABCAAABCDCBBCBABADDDACADCDCDBADCCADBDADBDDCACACCBDDCDCBBCCCBDCBDDABDACBDAACDCDBCACAACACBBCDADCABDCCCABDAADBCABDCDCCAAAAACDCDBBDCDCDABCCAACCCCDADAABDBCABBBCCBDCDADBCDDDBAABC. Start: D. Hop 2 times.,B,False,4195e918,1,"Start at 0.

[1] 0: 0: 0: 0: 0: 0: 0: 0: 0: 0: 0: 0: 0: 0: 0: 0: 0: 0: 0: 0: 0: 0: 0: 0: 0: 0: 0: 0: 0: 0: 0: 0: 0: 0: 0: 0: 0: 0: 0: 0: 0: 0: 0: 0: 0: 0: 0: 0: 0: 0: 0: 0: 0: 0: 0: 0: 0: 0: 0: 0: 0: 0: 0: 0: 0: 0: 0: 0: 0: 0: 0: 0: 0: 0: 0: 0: 0: 0: 0: 0: 0: 0: 0: 0: 0: 0: 0: 0: 0: 0: 0: 0: 0: 0: 0: 0: 0: 0: 0: 0: 0: 0: 0: 0: 0: 0: 0: 0: 0: 0: 0: 0: 0: 0: 0: 0: 0: 0: 0: 0: 0: 0: 0: 0: 0: 0: 0: 0: 0: 0: 0: 0: 0: 0: 0: 0: 0: 0: 0: 0: 0: 0: 0: 0: 0: 0: 0: 0: 0: 0: 0: 0: 0: 0: 0: 0: 0: 0: 0: 0: 0: 0: 0: 0: 0: 0: 0: 0: 0: 0: 0: 0: 0: 0: 0: 0: 0: 0: 0: 0: 0: 0: 0: 0: 0: 0: 0: 0: 0: 0: 0: 0: 0: 0: 0: 0: 0: 0: 0: 0: 0: 0: 0: 0: 0: 0: 0: 0: 0: 0: 0: 0: 0: 0: 0: 0: 0: 0: 0: 0: 0: 0: 0: 0: 0: 0: 0: 0: 0: 0: 0: 0: 0: 0: 0: 0: 0: 0: 0: 0: 0: 0: 0: 0: 0: 0: 0: 0: 0: 0: 0: 0: 0: 0: 0: 0: 0: 0: 0: 0: 0: 0: 0: 0: 0: 0: 0: 0: 0: 0: 0: 0: 0: 0: 0: 0: 0: 0: 0: 0: 0: 0: 0: 0: 0: 0: 0: 0: 0: 0: 0: 0: 0: 0: 0: 0: 0: 0: 0: 0: 0: 0: 0: 0: 0: 0: 0: 0: 0: 0: 0: 0: 0: 0: 0: 0: 0: 0: 0: 0: 0: 0: 0: 0: 0: 0: 0: 0: 0: 0: 0: 0: 0: 0: 0: 0: 0: 0: 0:",Error,34.738292418249955,1024,417,0.0
p_hop,2_hops,Sequence: BDCCCBAACDCACCDDDDCBDDDCBBDDDABAAAACACCAADBBCDBCDDDBDCABBAACABDAACAABBCBDDCCADCADBCACDBDBCACDDBCDBDBDDDDABBBCBCBADBBAACDBABDABABCBBAADBCBCCACDBABCDBBCDCBDAADCADCCCDBCBBACADABABDDCADCBAABABADABCADBAADADACABACBABABDAACBBAABBBBBDCADCDDCBAABADBBAABBDDDBCDDCCBC. Start: A. Hop 2 times.,B,False,fbf24799,1,"Start at 0.

[1.0]

[2.0]

[3.0]

[4.0]

[5.0]

[6.0]

[7.0]

[8.0]

[9.0]

[10.0]

[11.0]

[12.0]

[13.0]

[14.0]

[15.0]

[16.0]

[17.0]

[18.0]

[19.0]

[20.0]

[21.0]

[22.0]

[23.0]

[24.0]

[25.0]

[26.0]

[27.0]

[28.0]

[29.0]

[30.0]

[31.0]

[32.0]

[33.0]

[34.0]

[35.0]

[36.0]

[37.0]

[38.0]

[39.0]

[40.0]

[41.0]

[42.0]

[43.0]

[44.0]

[45.0]

[46.0]

[47.0]

[48.0]

[49.0]

[50.0]

[51.0]

[52.0]

[53.0]

[54.0]

[55.0]

[56.0]

[57.0]

[58.0]

[59.0]

[60.0]

[61.0]

[62.0]

[63.0]

[64.0]

[65.0]

[66.0]

[67.0]

[68.0]

[69.0]

[70.0]

[71.0]

[72.0]

[73.0]

[74.0]

[75.0]

[76.0]

[77.0]

[78.0]

[79.0]

[80.0]

[81.0]

[82.0]

[83.0]

[84.0]

[85.0]

[86.0]

[87.0]

[88.0]

[89.0]

[90.0]

[91.0]

[92.0]

[93.0]

[94.0]

[95.0]

[96.0]

[97.0]

[98.0]

[99.0]

[100.0]

[101.0]

[102.0]

[103.0]

[104.0]

[105.0]

[106.0]

[107.0]

[108.0]

[109.0]

[110.0]

[111.0]

[112.0]

[113.0]

[114.0]

[115.0]

[116.0]

[117.0]

[118.0]

[119.0]

[120.0]

[121.0]

[122.0]

[123.0]

[124.0]

[125.0]

[12",Error,34.738292418249955,1024,422,1.0
p_hop,2_hops,Sequence: CDBBAAADDBDBDBAABCBCBACBCAADCADAACCCDAACBCCDBABCCDDBACCCDAAABBBBCBABAADCDBABABABAACCDBDCDDBDCCBCCBACCCCCABBAACBBDDCBAABACCDABADCBABDCCBCBAADCCCABBDCCBDACCDDCCDDADBCBCBCCAACADADACABAAABDADACDADBABDACBACDBCCCBAACCACAABDDCDCBDBDABDCBCCAAABACBDDDCBABDAACADCDAA. Start: C. Hop 2 times.,C,False,074a5924,1,"Start at 0.

[1] 0: 0:000000000000000000000000000000000000000000000000000000000000000000000000000000000000000000000000000000000000000000000000000000000000000000000000000000000000000000000000000000000000000000000000000000000000000000000000000000000000000000000000000000000000000000000000000000000000000000000000000000000000000000000000000000000000000000000000000000000000000000000000000000000000000000000000000000000000000000000000000000000000000000000000000000000000000000000000000000000000000000000000000000000000000000000000000000000000000000000000000000000000000000000000000000000000000000000000000000000000000000000000000000000000000000000000000000000000000000000000000000000000000000000000000000000000000000000000000000000000000000000000000000000000000000000000000000000000000000000000000000000000000000000000000000000000000000000000000000000000000000000000000000000000000000000000000000000000000000000000000000000000000000000000000000000000000000000000000000000000000000000000000000000000000000000000000000000000000000000000000",Error,34.738292418249955,1024,421,2.0
p_hop,2_hops,Sequence: BBDBCCCACBCDDADACCCABABDADCCBADABBBABBCCCDDBADCBBDADDADAADCDAABACAABCCCADBCBDBAACCBACADBCBBAACCDABBCCABDABBCBADDBCDACCDCCDCCAABBBCCCABAAACACDBAABADBADDCDCCDDDCCCDADBAABAAABCDACACDCBDDCCDDADCCBCDBCBDACADCBDBCACBBBBABADDDCDCDAAADDBBABDAAABDABDCABDDDDDCDBCCAD. Start: C. Hop 2 times.,C,False,f7ace487,1,"Start at 0.

[1.0]

[2.0]

[3.0]

[4.0]

[5.0]

[6.0]

[7.0]

[8.0]

[9.0]

[10.0]

[11.0]

[12.0]

[13.0]

[14.0]

[15.0]

[16.0]

[17.0]

[18.0]

[19.0]

[20.0]

[21.0]

[22.0]

[23.0]

[24.0]

[25.0]

[26.0]

[27.0]

[28.0]

[29.0]

[30.0]

[31.0]

[32.0]

[33.0]

[34.0]

[35.0]

[36.0]

[37.0]

[38.0]

[39.0]

[40.0]

[41.0]

[42.0]

[43.0]

[44.0]

[45.0]

[46.0]

[47.0]

[48.0]

[49.0]

[50.0]

[51.0]

[52.0]

[53.0]

[54.0]

[55.0]

[56.0]

[57.0]

[58.0]

[59.0]

[60.0]

[61.0]

[62.0]

[63.0]

[64.0]

[65.0]

[66.0]

[67.0]

[68.0]

[69.0]

[70.0]

[71.0]

[72.0]

[73.0]

[74.0]

[75.0]

[76.0]

[77.0]

[78.0]

[79.0]

[80.0]

[81.0]

[82.0]

[83.0]

[84.0]

[85.0]

[86.0]

[87.0]

[88.0]

[89.0]

[90.0]

[91.0]

[92.0]

[93.0]

[94.0]

[95.0]

[96.0]

[97.0]

[98.0]

[99.0]

[100.0]

[101.0]

[102.0]

[103.0]

[104.0]

[105.0]

[106.0]

[107.0]

[108.0]

[109.0]

[110.0]

[111.0]

[112.0]

[113.0]

[114.0]

[115.0]

[116.0]

[117.0]

[118.0]

[119.0]

[120.0]

[121.0]

[122.0]

[123.0]

[124.0]

[125.0]

[12",Error,34.738292418249955,1024,419,3.0
p_hop,2_hops,Sequence: ADDBCDBBBABCBBBACADABBADDCABAACCCCDBADDDBDBDBBCDCDDBDDBABADBACADABBBADBCDDAADBBCADDCBABDCACCCCADCABCABDCBDABADBBADCCBBDCCABDBCDDCBDDBCCDCCBADCABDDBBABDCCABADADDCBBACADABACDDBCDACACCDACCBADADCCCDDDBDBAAAACDACBCCCCABABBCBDAACBDBAADBAAACCCDAABABCBCBDBABCDACCA. Start: B. Hop 2 times.,D,False,c82b5c6e,1,"Start at 1.

[1] 1: 2: 3: 4: 5: 6: 7: 8: 9: 10: 11: 12: 13: 14: 15: 16: 17: 18: 19: 20: 21: 22: 23: 24: 25: 26: 27: 28: 29: 30: 31: 32: 33: 34: 35: 36: 37: 38: 39: 40: 41: 42: 43: 44: 45: 46: 47: 48: 49: 50: 51: 52: 53: 54: 55: 56: 57: 58: 59: 60: 61: 62: 63: 64: 65: 66: 67: 68: 69: 70: 71: 72: 73: 74: 75: 76: 77: 78: 79: 80: 81: 82: 83: 84: 85: 86: 87: 88: 89: 90: 91: 92: 93: 94: 95: 96: 97: 98: 99: 100: 101: 102: 103: 104: 105: 106: 107: 108: 109: 110: 111: 112: 113: 114: 115: 116: 117: 118: 119: 120: 121: 122: 123: 124: 125: 126: 127: 128: 129: 130: 131: 132: 133: 134: 135: 136: 137: 138: 139: 140: 141: 142: 143: 144: 145: 146: 147: 148: 149: 150: 151: 152: 153: 154: 155: 156: 157: 158: 159: 160: 161: 162: 163: 164: 165: 166: 167: 168: 169: 170: 171: 172: 173: 174: 175: 176: 177: 178: 179: 180: 181: 182: 183: 184: 185: 186: 187: 188: 189: 190: 191: 192: 193: 194: 195: 196: 197: 198: 199: 200: 201: 202: 203: 204: 205: 206: 207: 208: 209: 210: 211: 212: 213: 214: 215: 216: 217: 218: 219: 220: 221: 222: 223: 224: 225:",Error,35.72384201450001,1024,425,0.0
p_hop,2_hops,Sequence: ABDDADCCACACBACDADDAACBBABDBADDDCDABABACCDCDADAACCBDBCADACDDDCAADBAAACDADABAADADCABBCAABACBBDCDBABADBBABBADABABADBCCDDACCCDAACDCCCCDBBDCACCCCCBCBDBDBDAADDDBDDDBBCADACBCABACACCAACAADCBDBCBBDAADCCBBBCBDDBCBBBDADBBDDBBCACACABBDCCAACCADDCADCDCCBBCABDCBDABBBCBD. Start: D. Hop 2 times.,D,False,92e7bb9b,1,"Start at 0.

[1.0]

[2.0]

[3.0]

[4.0]

[5.0]

[6.0]

[7.0]

[8.0]

[9.0]

[10.0]

[11.0]

[12.0]

[13.0]

[14.0]

[15.0]

[16.0]

[17.0]

[18.0]

[19.0]

[20.0]

[21.0]

[22.0]

[23.0]

[24.0]

[25.0]

[26.0]

[27.0]

[28.0]

[29.0]

[30.0]

[31.0]

[32.0]

[33.0]

[34.0]

[35.0]

[36.0]

[37.0]

[38.0]

[39.0]

[40.0]

[41.0]

[42.0]

[43.0]

[44.0]

[45.0]

[46.0]

[47.0]

[48.0]

[49.0]

[50.0]

[51.0]

[52.0]

[53.0]

[54.0]

[55.0]

[56.0]

[57.0]

[58.0]

[59.0]

[60.0]

[61.0]

[62.0]

[63.0]

[64.0]

[65.0]

[66.0]

[67.0]

[68.0]

[69.0]

[70.0]

[71.0]

[72.0]

[73.0]

[74.0]

[75.0]

[76.0]

[77.0]

[78.0]

[79.0]

[80.0]

[81.0]

[82.0]

[83.0]

[84.0]

[85.0]

[86.0]

[87.0]

[88.0]

[89.0]

[90.0]

[91.0]

[92.0]

[93.0]

[94.0]

[95.0]

[96.0]

[97.0]

[98.0]

[99.0]

[100.0]

[101.0]

[102.0]

[103.0]

[104.0]

[105.0]

[106.0]

[107.0]

[108.0]

[109.0]

[110.0]

[111.0]

[112.0]

[113.0]

[114.0]

[115.0]

[116.0]

[117.0]

[118.0]

[119.0]

[120.0]

[121.0]

[122.0]

[123.0]

[124.0]

[125.0]

[12",Error,35.72384201450001,1024,421,1.0
p_hop,2_hops,Sequence: DDAABBABBABDCCBDAAADADDBDACCDDCDCBDBADDBBBABBBCABCBDDCCDABCACDADDCCBBCCADDDBDBCAAABBBCACADDADCABCADCABABADDABBCBDCCAADABCCACBBBABCDCBCDCACABABBBBCBCBCBBBAADBCADBCBBBDBBDABDABCCCADBADACCBCADBCACCDABBACABBBCBBABBAADAAADCAACBCADDABDDCCDACDDACABCDCCDBCABDCDACB. Start: D. Hop 2 times.,B,False,00cf5dc2,1,"Start at 0.

[1.0]

[2.0]

[3.0]

[4.0]

[5.0]

[6.0]

[7.0]

[8.0]

[9.0]

[10.0]

[11.0]

[12.0]

[13.0]

[14.0]

[15.0]

[16.0]

[17.0]

[18.0]

[19.0]

[20.0]

[21.0]

[22.0]

[23.0]

[24.0]

[25.0]

[26.0]

[27.0]

[28.0]

[29.0]

[30.0]

[31.0]

[32.0]

[33.0]

[34.0]

[35.0]

[36.0]

[37.0]

[38.0]

[39.0]

[40.0]

[41.0]

[42.0]

[43.0]

[44.0]

[45.0]

[46.0]

[47.0]

[48.0]

[49.0]

[50.0]

[51.0]

[52.0]

[53.0]

[54.0]

[55.0]

[56.0]

[57.0]

[58.0]

[59.0]

[60.0]

[61.0]

[62.0]

[63.0]

[64.0]

[65.0]

[66.0]

[67.0]

[68.0]

[69.0]

[70.0]

[71.0]

[72.0]

[73.0]

[74.0]

[75.0]

[76.0]

[77.0]

[78.0]

[79.0]

[80.0]

[81.0]

[82.0]

[83.0]

[84.0]

[85.0]

[86.0]

[87.0]

[88.0]

[89.0]

[90.0]

[91.0]

[92.0]

[93.0]

[94.0]

[95.0]

[96.0]

[97.0]

[98.0]

[99.0]

[100.0]

[101.0]

[102.0]

[103.0]

[104.0]

[105.0]

[106.0]

[107.0]

[108.0]

[109.0]

[110.0]

[111.0]

[112.0]

[113.0]

[114.0]

[115.0]

[116.0]

[117.0]

[118.0]

[119.0]

[120.0]

[121.0]

[122.0]

[123.0]

[124.0]

[125.0]

[12",Error,35.72384201450001,1024,421,2.0
p_hop,2_hops,Sequence: ADAACACDACCDADACDBBBBDCDADBCADCDCCADBDDBBADDCDDABCAADDBCBDBCABCBCBCADADCBADCBDBAABBCBAACBBBBBBBBDADCABADBDACACDCBCACCCCDCACADDDBACBBDCAAACABBCBACADDBABBCBBACDCADCADADCABBDDADBDACDABABCBBADABABBDBDDBACDCDADCAADABACBDCAAADCBAACDACAAABAADBBDDACAACAABADBCCCCBD. Start: D. Hop 2 times.,D,False,a8a302b4,1,"Start at 0.

[1.0]

[2.0]

[3.0]

[4.0]

[5.0]

[6.0]

[7.0]

[8.0]

[9.0]

[10.0]

[11.0]

[12.0]

[13.0]

[14.0]

[15.0]

[16.0]

[17.0]

[18.0]

[19.0]

[20.0]

[21.0]

[22.0]

[23.0]

[24.0]

[25.0]

[26.0]

[27.0]

[28.0]

[29.0]

[30.0]

[31.0]

[32.0]

[33.0]

[34.0]

[35.0]

[36.0]

[37.0]

[38.0]

[39.0]

[40.0]

[41.0]

[42.0]

[43.0]

[44.0]

[45.0]

[46.0]

[47.0]

[48.0]

[49.0]

[50.0]

[51.0]

[52.0]

[53.0]

[54.0]

[55.0]

[56.0]

[57.0]

[58.0]

[59.0]

[60.0]

[61.0]

[62.0]

[63.0]

[64.0]

[65.0]

[66.0]

[67.0]

[68.0]

[69.0]

[70.0]

[71.0]

[72.0]

[73.0]

[74.0]

[75.0]

[76.0]

[77.0]

[78.0]

[79.0]

[80.0]

[81.0]

[82.0]

[83.0]

[84.0]

[85.0]

[86.0]

[87.0]

[88.0]

[89.0]

[90.0]

[91.0]

[92.0]

[93.0]

[94.0]

[95.0]

[96.0]

[97.0]

[98.0]

[99.0]

[100.0]

[101.0]

[102.0]

[103.0]

[104.0]

[105.0]

[106.0]

[107.0]

[108.0]

[109.0]

[110.0]

[111.0]

[112.0]

[113.0]

[114.0]

[115.0]

[116.0]

[117.0]

[118.0]

[119.0]

[120.0]

[121.0]

[122.0]

[123.0]

[124.0]

[125.0]

[12",Error,35.72384201450001,1024,416,3.0
p_hop,2_hops,Sequence: ADABCBCCADCBDCCDDDBBDCDAACBCDDABACBBCBADBBCAACADABDBADCAACCDCCCCADDBBCDDADDABBACAABBACDDDBCCAAAABDAADCDDCDCADCDCCBCCDAACACCDABCADBCBCACDDCAADDACCBABBCDACCCACDAABDACCDCDDACACCBBCABBDDCCCABDBDCBBADCCBABAABCCBCBDABCCBCDADCAAAACCAAAACCCBBDCBBBDBACCCABDABBBDABC. Start: C. Hop 2 times.,A,False,98d63eb2,1,"Start at 0.

[1] 0: 0: 0: 0: 0: 0: 0: 0: 0: 0: 0: 0: 0: 0: 0: 0: 0: 0: 0: 0: 0: 0: 0: 0: 0: 0: 0: 0: 0: 0: 0: 0: 0: 0: 0: 0: 0: 0: 0: 0: 0: 0: 0: 0: 0: 0: 0: 0: 0: 0: 0: 0: 0: 0: 0: 0: 0: 0: 0: 0: 0: 0: 0: 0: 0: 0: 0: 0: 0: 0: 0: 0: 0: 0: 0: 0: 0: 0: 0: 0: 0: 0: 0: 0: 0: 0: 0: 0: 0: 0: 0: 0: 0: 0: 0: 0: 0: 0: 0: 0: 0: 0: 0: 0: 0: 0: 0: 0: 0: 0: 0: 0: 0: 0: 0: 0: 0: 0: 0: 0: 0: 0: 0: 0: 0: 0: 0: 0: 0: 0: 0: 0: 0: 0: 0: 0: 0: 0: 0: 0: 0: 0: 0: 0: 0: 0: 0: 0: 0: 0: 0: 0: 0: 0: 0: 0: 0: 0: 0: 0: 0: 0: 0: 0: 0: 0: 0: 0: 0: 0: 0: 0: 0: 0: 0: 0: 0: 0: 0: 0: 0: 0: 0: 0: 0: 0: 0: 0: 0: 0: 0: 0: 0: 0: 0: 0: 0: 0: 0: 0: 0: 0: 0: 0: 0: 0: 0: 0: 0: 0: 0: 0: 0: 0: 0: 0: 0: 0: 0: 0: 0: 0: 0: 0: 0: 0: 0: 0: 0: 0: 0: 0: 0: 0: 0: 0: 0: 0: 0: 0: 0: 0: 0: 0: 0: 0: 0: 0: 0: 0: 0: 0: 0: 0: 0: 0: 0: 0: 0: 0: 0: 0: 0: 0: 0: 0: 0: 0: 0: 0: 0: 0: 0: 0: 0: 0: 0: 0: 0: 0: 0: 0: 0: 0: 0: 0: 0: 0: 0: 0: 0: 0: 0: 0: 0: 0: 0: 0: 0: 0: 0: 0: 0: 0: 0: 0: 0: 0: 0: 0: 0: 0: 0: 0: 0: 0: 0: 0: 0: 0: 0: 0: 0: 0: 0: 0: 0: 0: 0: 0: 0: 0: 0: 0: 0: 0: 0: 0: 0:",Error,35.9971014075,1024,423,0.0
p_hop,2_hops,Sequence: BCDDBABBCCDDBABAADBBCDAADCDCAABCCBDDDDDACAABBADDBAAAAADBABABCCDABBDBACBCDBBDDBDDADCBADACBDADCAABCBDAACCABADACDBDBCDDBAAABAAABCCBDAAAABACCBBAADDDBCCDACDBAACCCACCBABCDCBABDBDBACDDBCDBAAABCACCADCABADBCCAAACDDDCAAADDCCCBADBBDDABBABBDCDABCADCADCCCDCBDBACCBDAACD. Start: D. Hop 2 times.,A,False,c13c16ae,1,"Start at 0.

[1] 0: 0: 0: 0: 0: 0: 0: 0: 0: 0: 0: 0: 0: 0: 0: 0: 0: 0: 0: 0: 0: 0: 0: 0: 0: 0: 0: 0: 0: 0: 0: 0: 0: 0: 0: 0: 0: 0: 0: 0: 0: 0: 0: 0: 0: 0: 0: 0: 0: 0: 0: 0: 0: 0: 0: 0: 0: 0: 0: 0: 0: 0: 0: 0: 0: 0: 0: 0: 0: 0: 0: 0: 0: 0: 0: 0: 0: 0: 0: 0: 0: 0: 0: 0: 0: 0: 0: 0: 0: 0: 0: 0: 0: 0: 0: 0: 0: 0: 0: 0: 0: 0: 0: 0: 0: 0: 0: 0: 0: 0: 0: 0: 0: 0: 0: 0: 0: 0: 0: 0: 0: 0: 0: 0: 0: 0: 0: 0: 0: 0: 0: 0: 0: 0: 0: 0: 0: 0: 0: 0: 0: 0: 0: 0: 0: 0: 0: 0: 0: 0: 0: 0: 0: 0: 0: 0: 0: 0: 0: 0: 0: 0: 0: 0: 0: 0: 0: 0: 0: 0: 0: 0: 0: 0: 0: 0: 0: 0: 0: 0: 0: 0: 0: 0: 0: 0: 0: 0: 0: 0: 0: 0: 0: 0: 0: 0: 0: 0: 0: 0: 0: 0: 0: 0: 0: 0: 0: 0: 0: 0: 0: 0: 0: 0: 0: 0: 0: 0: 0: 0: 0: 0: 0: 0: 0: 0: 0: 0: 0: 0: 0: 0: 0: 0: 0: 0: 0: 0: 0: 0: 0: 0: 0: 0: 0: 0: 0: 0: 0: 0: 0: 0: 0: 0: 0: 0: 0: 0: 0: 0: 0: 0: 0: 0: 0: 0: 0: 0: 0: 0: 0: 0: 0: 0: 0: 0: 0: 0: 0: 0: 0: 0: 0: 0: 0: 0: 0: 0: 0: 0: 0: 0: 0: 0: 0: 0: 0: 0: 0: 0: 0: 0: 0: 0: 0: 0: 0: 0: 0: 0: 0: 0: 0: 0: 0: 0: 0: 0: 0: 0: 0: 0: 0: 0: 0: 0: 0: 0: 0: 0: 0: 0: 0: 0: 0: 0: 0: 0: 0:",Error,35.9971014075,1024,419,1.0
p_hop,4_hops,Sequence: BBDCBCBABBDAAACCDCCACBACBCDADDDBDCABBBBCDDDADACBBBACBABDDDDBDBCBACADACBCBBCBCCDDDDADBAAADCABCBCCDCABACAABDCDAAABBBCBBCAADBABDDCADCCAADADACABDDDABBDDBDCADDAAABBBCBADBDCBDBAADDAAACACACBABBBDDBDADBBDDBCDAAAADABACDBCDDCDDCCBADBACDABCBCACAADABADACABDDDBBCAADBBC. Start: D. Hop 4 times.,A,False,13ce5ec7,1,"Start at 0.

[1] 0: 0: 0: 0: 0: 0: 0: 0: 0: 0: 0: 0: 0: 0: 0: 0: 0: 0: 0: 0: 0: 0: 0: 0: 0: 0: 0: 0: 0: 0: 0: 0: 0: 0: 0: 0: 0: 0: 0: 0: 0: 0: 0: 0: 0: 0: 0: 0: 0: 0: 0: 0: 0: 0: 0: 0: 0: 0: 0: 0: 0: 0: 0: 0: 0: 0: 0: 0: 0: 0: 0: 0: 0: 0: 0: 0: 0: 0: 0: 0: 0: 0: 0: 0: 0: 0: 0: 0: 0: 0: 0: 0: 0: 0: 0: 0: 0: 0: 0: 0: 0: 0: 0: 0: 0: 0: 0: 0: 0: 0: 0: 0: 0: 0: 0: 0: 0: 0: 0: 0: 0: 0: 0: 0: 0: 0: 0: 0: 0: 0: 0: 0: 0: 0: 0: 0: 0: 0: 0: 0: 0: 0: 0: 0: 0: 0: 0: 0: 0: 0: 0: 0: 0: 0: 0: 0: 0: 0: 0: 0: 0: 0: 0: 0: 0: 0: 0: 0: 0: 0: 0: 0: 0: 0: 0: 0: 0: 0: 0: 0: 0: 0: 0: 0: 0: 0: 0: 0: 0: 0: 0: 0: 0: 0: 0: 0: 0: 0: 0: 0: 0: 0: 0: 0: 0: 0: 0: 0: 0: 0: 0: 0: 0: 0: 0: 0: 0: 0: 0: 0: 0: 0: 0: 0: 0: 0: 0: 0: 0: 0: 0: 0: 0: 0: 0: 0: 0: 0: 0: 0: 0: 0: 0: 0: 0: 0: 0: 0: 0: 0: 0: 0: 0: 0: 0: 0: 0: 0: 0: 0: 0: 0: 0: 0: 0: 0: 0: 0: 0: 0: 0: 0: 0: 0: 0: 0: 0: 0: 0: 0: 0: 0: 0: 0: 0: 0: 0: 0: 0: 0: 0: 0: 0: 0: 0: 0: 0: 0: 0: 0: 0: 0: 0: 0: 0: 0: 0: 0: 0: 0: 0: 0: 0: 0: 0: 0: 0: 0: 0: 0: 0: 0: 0: 0: 0: 0: 0: 0: 0: 0: 0: 0: 0: 0: 0: 0: 0: 0: 0:",Error,35.9971014075,1024,431,2.0
p_hop,4_hops,Sequence: DBCBBBBCDADCBCDCDAACCABAADADCDDBBBCADCBBCCDCCBADBCBCABACCBCDDCBDAABACCCCABCACADDADCDBCDBAADCDDBBCDBDCAAADDBAABCDCACADCDDBAAADBBDBACCACAADCCBCBBBBBBDCBBCAACDCCCDABACABDADBDACBADBDDADDCDBCDDBADAAADBABABADBDCDBCCACCBACBABABDBBACBBCBCCDBAABBAACADDACDBAABBADBDB. Start: C. Hop 4 times.,B,False,317c3d42,1,"Start at 0.

[1.0]

[2.0]

[3.0]

[4.0]

[5.0]

[6.0]

[7.0]

[8.0]

[9.0]

[10.0]

[11.0]

[12.0]

[13.0]

[14.0]

[15.0]

[16.0]

[17.0]

[18.0]

[19.0]

[20.0]

[21.0]

[22.0]

[23.0]

[24.0]

[25.0]

[26.0]

[27.0]

[28.0]

[29.0]

[30.0]

[31.0]

[32.0]

[33.0]

[34.0]

[35.0]

[36.0]

[37.0]

[38.0]

[39.0]

[40.0]

[41.0]

[42.0]

[43.0]

[44.0]

[45.0]

[46.0]

[47.0]

[48.0]

[49.0]

[50.0]

[51.0]

[52.0]

[53.0]

[54.0]

[55.0]

[56.0]

[57.0]

[58.0]

[59.0]

[60.0]

[61.0]

[62.0]

[63.0]

[64.0]

[65.0]

[66.0]

[67.0]

[68.0]

[69.0]

[70.0]

[71.0]

[72.0]

[73.0]

[74.0]

[75.0]

[76.0]

[77.0]

[78.0]

[79.0]

[80.0]

[81.0]

[82.0]

[83.0]

[84.0]

[85.0]

[86.0]

[87.0]

[88.0]

[89.0]

[90.0]

[91.0]

[92.0]

[93.0]

[94.0]

[95.0]

[96.0]

[97.0]

[98.0]

[99.0]

[100.0]

[101.0]

[102.0]

[103.0]

[104.0]

[105.0]

[106.0]

[107.0]

[108.0]

[109.0]

[110.0]

[111.0]

[112.0]

[113.0]

[114.0]

[115.0]

[116.0]

[117.0]

[118.0]

[119.0]

[120.0]

[121.0]

[122.0]

[123.0]

[124.0]

[125.0]

[12",Error,35.9971014075,1024,423,3.0
p_hop,4_hops,Sequence: AADAABCDBDCDAABCDABADBDCADBCABBACBDDCABBBBBCCDAABBABCBCCDBBCBACCBDCABBAACCDCCDDBCABDBDBDBABBDBDBBCBDCCACCACAAACADDBBBBBCCABAAACDDABCAAACADADBDADAACDBACCBAACCDCABBAADBAAADBDBADCCBCCACABBADBBBABDABCBBDBADBCCCABDBDBBCBDABABACCDBDDADADCCBBCBBCDCACDBCABADDDCABB. Start: B. Hop 4 times.,B,False,e407c000,1,"Start at 1.

[1] 1: A.
[2] 2: B.
[3] 3: A.
[4] 4: B.

[5] 5: A.
[6] 6: B.
[7] 7: A.
[8] 8: B.

[9] 9: A.
[10] 10: B.
[11] 11: A.
[12] 12: B.

[13] 13: A.
[14] 14: B.
[15] 15: A.
[16] 16: B.

[17] 17: A.
[18] 18: B.
[19] 19: A.
[20] 20: B.

[21] 21: A.
[22] 22: B.
[23] 23: A.
[24] 24: B.

[25] 25: A.
[26] 26: B.
[27] 27: A.
[28] 28: B.

[29] 29: A.
[30] 30: B.
[31] 31: A.
[32] 32: B.

[33] 33: A.
[34] 34: B.
[35] 35: A.
[36] 36: B.

[37] 37: A.
[38] 38: B.
[39] 39: A.
[40] 40: B.

[41] 41: A.
[42] 42: B.
[43] 43: A.
[44] 44: B.

[45] 45: A.
[46] 46: B.
[47] 47: A.
[48] 48: B.

[49] 49: A.
[50] 50: B.
[51] 51: A.
[52] 52: B.

[53] 53: A.
[54] 54: B.
[55] 55: A.
[56] 56: B.

[57] 57: A.
[58] 58: B.
[59] 59: A.
[60] 60: B.

[61] 61: A.
[62] 62: B.
[63] 63: A.
[64] 64: B.

[65] 65: A.
[66] 66: B.
[67] 67: A.
[68] 68: B.

[69] 69: A.
[70] 70: B.
[71] 71: A.
[72] 72: B.

[73] 73: A.
[74] 74: B.
[75] 75: A.
[76] 76: B.

[77] 77: A.
[78] 78: B.
[79] 79: A.
[80] 80: B.

[81] 81: A.
[82] 82: B.
[83] 83: A.
[84] 84: B.

[85] 85: A.
[86] 86: B.
[87] 87: A.
[88] 88: B.

[89] 89: A.
[90] 90: B.
[91] 91: A.
[92] 92: B.

[93",Error,35.98835428900003,1024,422,0.0
p_hop,4_hops,Sequence: CCCBCACDCDADDCCDBADCDCBDDCCCBADBCBCDCADBAABACAACBCDCBDABBBDBDDAAAAADDDBADDBBCCBAABCBDCDCBCDBDDDABDDBCABBDCAACADAABDDADBAADCDCBBCCCBAADCBBADCDDBDADABCDADDBBDBDBACCACCACACBCDBACBADADBABAADCACDBCBBCDADDDBABBAACBDABCDCABDACBDDADACCBADAABBBDACBABCAACBDBCACDDADB. Start: B. Hop 4 times.,D,False,20de3ab8,1,"Start at 1.

[1] 1: A.
[2] 2: B.
[3] 3: C.
[4] 4: D.

[5] 5: A.
[6] 6: B.
[7] 7: C.
[8] 8: D.

[9] 9: A.
[10] 10: B.
[11] 11: C.
[12] 12: D.

[13] 13: A.
[14] 14: B.
[15] 15: C.
[16] 16: D.

[17] 17: A.
[18] 18: B.
[19] 19: C.
[20] 20: D.

[21] 21: A.
[22] 22: B.
[23] 23: C.
[24] 24: D.

[25] 25: A.
[26] 26: B.
[27] 27: C.
[28] 28: D.

[29] 29: A.
[30] 30: B.
[31] 31: C.
[32] 32: D.

[33] 33: A.
[34] 34: B.
[35] 35: C.
[36] 36: D.

[37] 37: A.
[38] 38: B.
[39] 39: C.
[40] 40: D.

[41] 41: A.
[42] 42: B.
[43] 43: C.
[44] 44: D.

[45] 45: A.
[46] 46: B.
[47] 47: C.
[48] 48: D.

[49] 49: A.
[50] 50: B.
[51] 51: C.
[52] 52: D.

[53] 53: A.
[54] 54: B.
[55] 55: C.
[56] 56: D.

[57] 57: A.
[58] 58: B.
[59] 59: C.
[60] 60: D.

[61] 61: A.
[62] 62: B.
[63] 63: C.
[64] 64: D.

[65] 65: A.
[66] 66: B.
[67] 67: C.
[68] 68: D.

[69] 69: A.
[70] 70: B.
[71] 71: C.
[72] 72: D.

[73] 73: A.
[74] 74: B.
[75] 75: C.
[76] 76: D.

[77] 77: A.
[78] 78: B.
[79] 79: C.
[80] 80: D.

[81] 81: A.
[82] 82: B.
[83] 83: C.
[84] 84: D.

[85] 85: A.
[86] 86: B.
[87] 87: C.
[88] 88: D.

[89] 89: A.
[90] 90: B.
[91] 91: C.
[92] 92: D.

[93",Error,35.98835428900003,1024,417,1.0
p_hop,4_hops,Sequence: ACACBCADDBBDBBDABBCACBBACCCDDDDBDAACCABBCAABCACDBCABCBAABADBBBDABDABCBDADDBACBCABCACDDBCCDCACAAADDBDACCCBDAAABCACDBADABBCBCDBDDCDCDDABCDBCBDBACBACACABCABABCBCDACCCDCADDDCDACAABADCCCCBDBDCDBDCACADACCDAADCDCABDDCBABCADBADACCCBADCCCACAABACBDDCBBBCABCADCDDBADB. Start: C. Hop 4 times.,C,False,445060fa,1,"Start at 0.

[1.0]

[2.0]

[3.0]

[4.0]

[5.0]

[6.0]

[7.0]

[8.0]

[9.0]

[10.0]

[11.0]

[12.0]

[13.0]

[14.0]

[15.0]

[16.0]

[17.0]

[18.0]

[19.0]

[20.0]

[21.0]

[22.0]

[23.0]

[24.0]

[25.0]

[26.0]

[27.0]

[28.0]

[29.0]

[30.0]

[31.0]

[32.0]

[33.0]

[34.0]

[35.0]

[36.0]

[37.0]

[38.0]

[39.0]

[40.0]

[41.0]

[42.0]

[43.0]

[44.0]

[45.0]

[46.0]

[47.0]

[48.0]

[49.0]

[50.0]

[51.0]

[52.0]

[53.0]

[54.0]

[55.0]

[56.0]

[57.0]

[58.0]

[59.0]

[60.0]

[61.0]

[62.0]

[63.0]

[64.0]

[65.0]

[66.0]

[67.0]

[68.0]

[69.0]

[70.0]

[71.0]

[72.0]

[73.0]

[74.0]

[75.0]

[76.0]

[77.0]

[78.0]

[79.0]

[80.0]

[81.0]

[82.0]

[83.0]

[84.0]

[85.0]

[86.0]

[87.0]

[88.0]

[89.0]

[90.0]

[91.0]

[92.0]

[93.0]

[94.0]

[95.0]

[96.0]

[97.0]

[98.0]

[99.0]

[100.0]

[101.0]

[102.0]

[103.0]

[104.0]

[105.0]

[106.0]

[107.0]

[108.0]

[109.0]

[110.0]

[111.0]

[112.0]

[113.0]

[114.0]

[115.0]

[116.0]

[117.0]

[118.0]

[119.0]

[120.0]

[121.0]

[122.0]

[123.0]

[124.0]

[125.0]

[12",Error,35.98835428900003,1024,416,2.0
p_hop,4_hops,Sequence: BBCAACCCDDDACACCCCDBBCABBACBADDABDCCBABBCBADBBBBABADDDACBACDBCDADABCCADCBBCBCABADDDCADCCCBCCACDCCDABCCABDAADDDBDBBBDBBCCDCBCAAADBDCDBCCBDCDDABBDBDDBCAAACDCADAADABBAADABDADABBBCDDBAAADBCDAACADBCDDCADDABBBBABCBABAAADACABDCACACABABABACADAACBDADABBCCCADACBCCCB. Start: A. Hop 4 times.,D,False,9c9c3035,1,"Start at 0.

[1. a) 0: 0: 0: 0: 0: 0: 0: 0: 0: 0: 0: 0: 0: 0: 0: 0: 0: 0: 0: 0: 0: 0: 0: 0: 0: 0: 0: 0: 0: 0: 0: 0: 0: 0: 0: 0: 0: 0: 0: 0: 0: 0: 0: 0: 0: 0: 0: 0: 0: 0: 0: 0: 0: 0: 0: 0: 0: 0: 0: 0: 0: 0: 0: 0: 0: 0: 0: 0: 0: 0: 0: 0: 0: 0: 0: 0: 0: 0: 0: 0: 0: 0: 0: 0: 0: 0: 0: 0: 0: 0: 0: 0: 0: 0: 0: 0: 0: 0: 0: 0: 0: 0: 0: 0: 0: 0: 0: 0: 0: 0: 0: 0: 0: 0: 0: 0: 0: 0: 0: 0: 0: 0: 0: 0: 0: 0: 0: 0: 0: 0: 0: 0: 0: 0: 0: 0: 0: 0: 0: 0: 0: 0: 0: 0: 0: 0: 0: 0: 0: 0: 0: 0: 0: 0: 0: 0: 0: 0: 0: 0: 0: 0: 0: 0: 0: 0: 0: 0: 0: 0: 0: 0: 0: 0: 0: 0: 0: 0: 0: 0: 0: 0: 0: 0: 0: 0: 0: 0: 0: 0: 0: 0: 0: 0: 0: 0: 0: 0: 0: 0: 0: 0: 0: 0: 0: 0: 0: 0: 0: 0: 0: 0: 0: 0: 0: 0: 0: 0: 0: 0: 0: 0: 0: 0: 0: 0: 0: 0: 0: 0: 0: 0: 0: 0: 0: 0: 0: 0: 0: 0: 0: 0: 0: 0: 0: 0: 0: 0: 0: 0: 0: 0: 0: 0: 0: 0: 0: 0: 0: 0: 0: 0: 0: 0: 0: 0: 0: 0: 0: 0: 0: 0: 0: 0: 0: 0: 0: 0: 0: 0: 0: 0: 0: 0: 0: 0: 0: 0: 0: 0: 0: 0: 0: 0: 0: 0: 0: 0: 0: 0: 0: 0: 0: 0: 0: 0: 0: 0: 0: 0: 0: 0: 0: 0: 0: 0: 0: 0: 0: 0: 0: 0: 0: 0: 0: 0: 0: 0: 0: 0: 0: 0: 0: 0: 0: 0: 0: 0: ",Error,35.98835428900003,1024,421,3.0
p_hop,4_hops,Sequence: DCACDBBBBAACDBADAAAABCAAACACBDCBADCBCBADABBBBBABCCCDBDABCCBACAACCADDBBBADCADBBABDCDBCCABCCAAACCBCACACABCABACDBADDBCDDCCBCDBABABADBBBCDACDDBCABABCBAADBDBCAABDCCABBACDDBCDBADBCBCABAAACACDBDBDADACCCDAADBCDDCCDBCDAABDCCCBDDBBDCAAACABABDAADACBCBAABABBCCBAADBDCB. Start: C. Hop 4 times.,A,False,78ff83c3,1,"Start at 0.

[1.0]

[2.0]

[3.0]

[4.0]

[5.0]

[6.0]

[7.0]

[8.0]

[9.0]

[10.0]

[11.0]

[12.0]

[13.0]

[14.0]

[15.0]

[16.0]

[17.0]

[18.0]

[19.0]

[20.0]

[21.0]

[22.0]

[23.0]

[24.0]

[25.0]

[26.0]

[27.0]

[28.0]

[29.0]

[30.0]

[31.0]

[32.0]

[33.0]

[34.0]

[35.0]

[36.0]

[37.0]

[38.0]

[39.0]

[40.0]

[41.0]

[42.0]

[43.0]

[44.0]

[45.0]

[46.0]

[47.0]

[48.0]

[49.0]

[50.0]

[51.0]

[52.0]

[53.0]

[54.0]

[55.0]

[56.0]

[57.0]

[58.0]

[59.0]

[60.0]

[61.0]

[62.0]

[63.0]

[64.0]

[65.0]

[66.0]

[67.0]

[68.0]

[69.0]

[70.0]

[71.0]

[72.0]

[73.0]

[74.0]

[75.0]

[76.0]

[77.0]

[78.0]

[79.0]

[80.0]

[81.0]

[82.0]

[83.0]

[84.0]

[85.0]

[86.0]

[87.0]

[88.0]

[89.0]

[90.0]

[91.0]

[92.0]

[93.0]

[94.0]

[95.0]

[96.0]

[97.0]

[98.0]

[99.0]

[100.0]

[101.0]

[102.0]

[103.0]

[104.0]

[105.0]

[106.0]

[107.0]

[108.0]

[109.0]

[110.0]

[111.0]

[112.0]

[113.0]

[114.0]

[115.0]

[116.0]

[117.0]

[118.0]

[119.0]

[120.0]

[121.0]

[122.0]

[123.0]

[124.0]

[125.0]

[12",Error,35.96259138250002,1024,417,0.0
p_hop,4_hops,Sequence: BDABCBDCDBADDCBBBDCADCACCABCCDABDCABBDDDCDDBCADCACDACABBBCABDCBCDDDCBBBDCDDCBACBADCDDDDBBBABACBBADDCBBADBCBDBBABABBACCCCBBCBBDDDABCBBDBCAAAABBBABDAACDCADACCCCAADABCBBDCCBDABBDBACAABCBBDBBCCADDCBCBDDCDDCBABCDBACBBBCBAABCDCCCAAABDCAADDCCACAADCDADACDDBDDCBCBA. Start: B. Hop 4 times.,A,False,a99b73f4,1,"Start at 0.

[1.0]  
[2.0]  
[3.0]  
[4.0]  
[5.0]  
[6.0]  
[7.0]  
[8.0]  
[9.0]  
[10.0]  
[11.0]  
[12.0]  
[13.0]  
[14.0]  
[15.0]  
[16.0]  
[17.0]  
[18.0]  
[19.0]  
[20.0]  
[21.0]  
[22.0]  
[23.0]  
[24.0]  
[25.0]  
[26.0]  
[27.0]  
[28.0]  
[29.0]  
[30.0]  
[31.0]  
[32.0]  
[33.0]  
[34.0]  
[35.0]  
[36.0]  
[37.0]  
[38.0]  
[39.0]  
[40.0]  
[41.0]  
[42.0]  
[43.0]  
[44.0]  
[45.0]  
[46.0]  
[47.0]  
[48.0]  
[49.0]  
[50.0]  
[51.0]  
[52.0]  
[53.0]  
[54.0]  
[55.0]  
[56.0]  
[57.0]  
[58.0]  
[59.0]  
[60.0]  
[61.0]  
[62.0]  
[63.0]  
[64.0]  
[65.0]  
[66.0]  
[67.0]  
[68.0]  
[69.0]  
[70.0]  
[71.0]  
[72.0]  
[73.0]  
[74.0]  
[75.0]  
[76.0]  
[77.0]  
[78.0]  
[79.0]  
[80.0]  
[81.0]  
[82.0]  
[83.0]  
[84.0]  
[85.0]  
[86.0]  
[87.0]  
[88.0]  
[89.0]  
[90.0]  
[91.0]  
[92.0]  
[93.0]  
[94.0]  
[95.0]  
[96.0]  
[97.0]  
[98.0]  
[99.0]  
[100.0]  
[101.0]  
[102.0]  
[103.0]  
[104.0]  
[105.0]  
[106.0]  
[107.0]  
[108.0]  
[109.0]  
[110.0]  
[111.0]  
[112.0]  
[113.0]  
[114.0]  
[115.0]  
[116.0]  
[117.0]  
[118.0]  
[119.0]  
[120.0]  
[121.0]  
[122.0]  
[123.0]  
[124.0]  
[125.0]  
[12",Error,35.96259138250002,1024,421,1.0
p_hop,4_hops,Sequence: CADCDBBCCBADCDBCACBDBDCBAABBBAAADDAACDBCADAAACABBCAACCCBDBDACABACCBBDCADADCBBCAABBABCBDCDDDCCCAACAACCBABCDADCCABCADABCDCDBBACDDADDDDCADDCDBACDADBBDBAADCDBABCCADDAAAABBBCDDDDCDCBBDDCBDBCBCACBCBAABBACBDBCDBDCDABADBBCDACCCABCACBDABBDCBCBCACBDDBAACCBBBCCCDCDCC. Start: D. Hop 4 times.,A,False,269922c8,1,"Start at 0.

[1.0]  
[2.0]  
[3.0]  
[4.0]  
[5.0]  
[6.0]  
[7.0]  
[8.0]  
[9.0]  
[10.0]  
[11.0]  
[12.0]  
[13.0]  
[14.0]  
[15.0]  
[16.0]  
[17.0]  
[18.0]  
[19.0]  
[20.0]  
[21.0]  
[22.0]  
[23.0]  
[24.0]  
[25.0]  
[26.0]  
[27.0]  
[28.0]  
[29.0]  
[30.0]  
[31.0]  
[32.0]  
[33.0]  
[34.0]  
[35.0]  
[36.0]  
[37.0]  
[38.0]  
[39.0]  
[40.0]  
[41.0]  
[42.0]  
[43.0]  
[44.0]  
[45.0]  
[46.0]  
[47.0]  
[48.0]  
[49.0]  
[50.0]  
[51.0]  
[52.0]  
[53.0]  
[54.0]  
[55.0]  
[56.0]  
[57.0]  
[58.0]  
[59.0]  
[60.0]  
[61.0]  
[62.0]  
[63.0]  
[64.0]  
[65.0]  
[66.0]  
[67.0]  
[68.0]  
[69.0]  
[70.0]  
[71.0]  
[72.0]  
[73.0]  
[74.0]  
[75.0]  
[76.0]  
[77.0]  
[78.0]  
[79.0]  
[80.0]  
[81.0]  
[82.0]  
[83.0]  
[84.0]  
[85.0]  
[86.0]  
[87.0]  
[88.0]  
[89.0]  
[90.0]  
[91.0]  
[92.0]  
[93.0]  
[94.0]  
[95.0]  
[96.0]  
[97.0]  
[98.0]  
[99.0]  
[100.0]  
[101.0]  
[102.0]  
[103.0]  
[104.0]  
[105.0]  
[106.0]  
[107.0]  
[108.0]  
[109.0]  
[110.0]  
[111.0]  
[112.0]  
[113.0]  
[114.0]  
[115.0]  
[116.0]  
[117.0]  
[118.0]  
[119.0]  
[120.0]  
[121.0]  
[122.0]  
[123.0]  
[124.0]  
[125.0]  
[12",Error,35.96259138250002,1024,420,2.0
p_hop,4_hops,Sequence: ABCDACDBBBDACDCDBCDACDDBCBDCCBDDCDBCDBBABACBABDCDAADABCBDDCDCBBAACBBADCDAABBAACBBAABCAACBCAACBCADBACCDDBABACABAAADDCDDABCCCBDACBDAADDAADBCDDDCACAAACACAADBBDBCBACAACBCCCACACDDBAAAACDCCDCDCACCADCCCAACDDCDCBCBDDBAACDCDCDADACADBBDBADDAAAADABAAAADBCDBDCCADBDCCC. Start: D. Hop 4 times.,D,False,7f5379da,1,"Start at 0.

[1.0]  
[2.0]  
[3.0]  
[4.0]  
[5.0]  
[6.0]  
[7.0]  
[8.0]  
[9.0]  
[10.0]  
[11.0]  
[12.0]  
[13.0]  
[14.0]  
[15.0]  
[16.0]  
[17.0]  
[18.0]  
[19.0]  
[20.0]  
[21.0]  
[22.0]  
[23.0]  
[24.0]  
[25.0]  
[26.0]  
[27.0]  
[28.0]  
[29.0]  
[30.0]  
[31.0]  
[32.0]  
[33.0]  
[34.0]  
[35.0]  
[36.0]  
[37.0]  
[38.0]  
[39.0]  
[40.0]  
[41.0]  
[42.0]  
[43.0]  
[44.0]  
[45.0]  
[46.0]  
[47.0]  
[48.0]  
[49.0]  
[50.0]  
[51.0]  
[52.0]  
[53.0]  
[54.0]  
[55.0]  
[56.0]  
[57.0]  
[58.0]  
[59.0]  
[60.0]  
[61.0]  
[62.0]  
[63.0]  
[64.0]  
[65.0]  
[66.0]  
[67.0]  
[68.0]  
[69.0]  
[70.0]  
[71.0]  
[72.0]  
[73.0]  
[74.0]  
[75.0]  
[76.0]  
[77.0]  
[78.0]  
[79.0]  
[80.0]  
[81.0]  
[82.0]  
[83.0]  
[84.0]  
[85.0]  
[86.0]  
[87.0]  
[88.0]  
[89.0]  
[90.0]  
[91.0]  
[92.0]  
[93.0]  
[94.0]  
[95.0]  
[96.0]  
[97.0]  
[98.0]  
[99.0]  
[100.0]  
[101.0]  
[102.0]  
[103.0]  
[104.0]  
[105.0]  
[106.0]  
[107.0]  
[108.0]  
[109.0]  
[110.0]  
[111.0]  
[112.0]  
[113.0]  
[114.0]  
[115.0]  
[116.0]  
[117.0]  
[118.0]  
[119.0]  
[120.0]  
[121.0]  
[122.0]  
[123.0]  
[124.0]  
[125.0]  
[12",Error,35.96259138250002,1024,421,3.0
igsm,depth_4_hierarchical_mod_7,Question. G#M := X#F * R#Q. M#W := I#B - Q#Z. C#A := P#U - V#L. R#Q := V#T. X#F := M#W. G#S := V#T + M#W. B#I := Q#Z. B#Z := 3. I#B := 5. S#F := R#Q. V#L := 0. M#M := R#Q. Q#Z := 2. V#T := B#Z + Q#Z. D#V := M#W * C#A. P#U := 0. M#M?,5,False,782e6e02,1,"Answer with CoT.

<equation1> ==> <value1>.
<equation2> ==> <value2>.
...

Final: <answer>",0,2.807022209500019,34,512,0.0
igsm,depth_4_hierarchical_mod_7,Question. K#J := Q#R * Y#T. K#Z := Y#T. U#I := Q#D + D#B. O#D := 0. K#B := Q#R + U#I. C#M := 1. Q#R := Q#D. Q#D := S#E. D#B := O#D * S#E. Y#T := Q#D - D#B. S#E := 6. K#Z?,6,True,b9ed8a90,1,"Answer with CoT.

<equation1> ==> 1.
<equation2> ==> 0.
<equation3> ==> 6.

Final: 6",6,2.807022209500019,41,470,1.0
igsm,depth_4_hierarchical_mod_7,Question. K#R := A#E. F#U := 5. D#U := Y#M + K#R. P#V := A#E. D#Z := A#E + J#P. J#P := U#A. C#D := D#Z + Y#M. J#Q := Y#M. X#W := Y#M. X#Z := 4. Y#M := A#E - J#P. A#E := F#U. U#A := 3. D#U?,0,True,a5333093,1,"Answer with CoT.

<equation1> ==> <value1>.
<equation2> ==> <value2>.
...
Final: <answer>",0,23.293594475499958,33,482,0.0
igsm,depth_4_hierarchical_mod_7,Question. V#M := 1. U#W := U#X - V#M. W#E := J#X. Q#Q := J#X + S#C. M#K := S#C - J#X. M#A := U#X. S#C := Y#E. J#X := M#A - U#W. Z#B := 1. Y#E := V#M - Z#B. U#X := 6. M#K?,6,False,567a1e1a,1,"Answer with CoT.

<equation1> ==> 6.

<equation2> ==> 1.

<equation3> ==> 1.

<equation4> ==> 1.

<equation5> ==> 1.

<equation6> ==> 1.

<equation7> ==> 1.

<equation8> ==> 1.

<equation9> ==> 1.

<equation10> ==> 1.

<equation11> ==> 1.

<equation12> ==> 1.

<equation13> ==> 1.

<equation14> ==> 1.

<equation15> ==> 1.

<equation16> ==> 1.

<equation17> ==> 1.

<equation18> ==> 1.

<equation19> ==> 1.

<equation20> ==> 1.

<equation21> ==> 1.

<equation22> ==> 1.

<equation23> ==> 1.

<equation24> ==> 1.

<equation25> ==> 1.

<equation26> ==> 1.

<equation27> ==> 1.

<equation28> ==> 1.

<equation29> ==> 1.

<equation30> ==> 1.

<equation31> ==> 1.

<equation32> ==> 1.

<equation33> ==> 1.

<equation34> ==> 1.

<equation35> ==> 1.

<equation36> ==> 1.

<equation37> ==> 1.

<equation38> ==> 1.

<equation39> ==> 1.

<equation40> ==> 1.

<equation41> ==> 1.

<equation42> ==> 1.

<equation43> ==> 1.

<equation44> ==> 1.

<equation45> ==> 1.

<equation46> ==> 1.

<equation47> ==> 1.

<equation48> ==> 1.

<equation49> ==> 1.

<equation50> ==> 1.

<equation51> ==> 1.

<equation52> ==> 1.

<equation53> ==> 1.

<equation54> ==> 1.

<equation55> ==> 1.

<equation56> ==> 1.

<equation57> ==> 1.

<equation58> ==> 1.

<equation59> ==> 1.

<equation60> ==> 1.

<equation61> ==> 1.

<equation62> ==> 1.

<equation63> ==> 1.

<equation64> ==> 1.

<equation65> ==> 1.

<equation66> ==> 1.

<equation67> ==> 1.

<equation68> ==> 1.

<equation69> ==> 1.

<equation70> ==> 1.

<equation71> ==> 1.

<equation72> ==> 1.

<equation73> ==> 1.

<equation74> ==> 1.

<equation75> ==> 1.

<equation76> ==> 1.

<equation77> ==> 1.

<equation78> ==> 1.

<equation79> ==> 1.

<equation80",0,23.293594475499958,1024,470,1.0
igsm,depth_4_hierarchical_mod_7,Question. Z#V := 2. N#H := 1. L#F := A#Q. D#S := B#M. A#Q := Z#V. Z#R := 0. W#Y := Q#H. Q#H := 0. W#B := Q#H - N#H. G#N := G#A. G#A := A#Q + W#Y. Y#E := A#Q. U#M := Z#R. B#M := A#Q. D#S?,2,False,2d01f924,1,"Answer with CoT.

<equation1> ==> <value1>.
<equation2> ==> <value2>.
...
Final: <answer>",0,2.6580491789998177,34,481,0.0
igsm,depth_4_hierarchical_mod_7,Question. I#H := 6. Q#Z := T#S + Z#C. T#S := D#R + P#L. Z#C := H#V. P#L := I#H * T#Q. D#R := W#W. F#J := 6. T#Q := 1. T#B := Z#C * T#S. M#J := I#H * W#W. H#V := T#Q * W#W. J#Z := Z#C + T#S. W#W := 1. T#B?,0,True,2aad1365,1,"Answer with CoT.

<equation1> ==> <value1>.
<equation2> ==> <value2>.
...
Final: <answer>",0,2.6580491789998177,34,493,1.0
igsm,depth_4_hierarchical_mod_7,Question. J#Y := S#A + R#C. R#C := 6. S#A := 5. I#G := J#Y - G#J. M#Y := K#I. G#Y := K#I. B#K := K#I * I#G. F#Y := K#I * I#G. Z#L := 3. G#J := Z#L - R#C. K#I := J#Y. M#Y?,4,False,87558f0d,1,"Answer with CoT.

<equation1> ==> 5.

<equation2> ==> 3.

<equation3> ==> 3.

<equation4> ==> 3.

<equation5> ==> 3.

<equation6> ==> 3.

<equation7> ==> 3.

<equation8> ==> 3.

<equation9> ==> 3.

<equation10> ==> 3.

<equation11> ==> 3.

<equation12> ==> 3.

<equation13> ==> 3.

<equation14> ==> 3.

<equation15> ==> 3.

<equation16> ==> 3.

<equation17> ==> 3.

<equation18> ==> 3.

<equation19> ==> 3.

<equation20> ==> 3.

<equation21> ==> 3.

<equation22> ==> 3.

<equation23> ==> 3.

<equation24> ==> 3.

<equation25> ==> 3.

<equation26> ==> 3.

<equation27> ==> 3.

<equation28> ==> 3.

<equation29> ==> 3.

<equation30> ==> 3.

<equation31> ==> 3.

<equation32> ==> 3.

<equation33> ==> 3.

<equation34> ==> 3.

<equation35> ==> 3.

<equation36> ==> 3.

<equation37> ==> 3.

<equation38> ==> 3.

<equation39> ==> 3.

<equation40> ==> 3.

<equation41> ==> 3.

<equation42> ==> 3.

<equation43> ==> 3.

<equation44> ==> 3.

<equation45> ==> 3.

<equation46> ==> 3.

<equation47> ==> 3.

<equation48> ==> 3.

<equation49> ==> 3.

<equation50> ==> 3.

<equation51> ==> 3.

<equation52> ==> 3.

<equation53> ==> 3.

<equation54> ==> 3.

<equation55> ==> 3.

<equation56> ==> 3.

<equation57> ==> 3.

<equation58> ==> 3.

<equation59> ==> 3.

<equation60> ==> 3.

<equation61> ==> 3.

<equation62> ==> 3.

<equation63> ==> 3.

<equation64> ==> 3.

<equation65> ==> 3.

<equation66> ==> 3.

<equation67> ==> 3.

<equation68> ==> 3.

<equation69> ==> 3.

<equation70> ==> 3.

<equation71> ==> 3.

<equation72> ==> 3.

<equation73> ==> 3.

<equation74> ==> 3.

<equation75> ==> 3.

<equation76> ==> 3.

<equation77> ==> 3.

<equation78> ==> 3.

<equation79> ==> 3.

<equation80",0,59.5746275985,1024,470,0.0
igsm,depth_4_hierarchical_mod_7,Question. C#A := X#X * L#T. R#J := 2. J#X := S#Q - J#M. X#X := 5. G#U := C#S. L#T := 5. J#M := C#A * C#S. L#D := 3. V#B := J#M. P#D := L#T. C#S := R#J * L#T. L#C := 2. S#Q := C#S - P#D. V#B?,5,False,c442ad9e,1,"Answer with CoT.

<equation1> ==> 5.

<equation2> ==> 2.

<equation3> ==> 2.

<equation4> ==> 2.

<equation5> ==> 2.

<equation6> ==> 2.

<equation7> ==> 2.

<equation8> ==> 2.

<equation9> ==> 2.

<equation10> ==> 2.

<equation11> ==> 2.

<equation12> ==> 2.

<equation13> ==> 2.

<equation14> ==> 2.

<equation15> ==> 2.

<equation16> ==> 2.

<equation17> ==> 2.

<equation18> ==> 2.

<equation19> ==> 2.

<equation20> ==> 2.

<equation21> ==> 2.

<equation22> ==> 2.

<equation23> ==> 2.

<equation24> ==> 2.

<equation25> ==> 2.

<equation26> ==> 2.

<equation27> ==> 2.

<equation28> ==> 2.

<equation29> ==> 2.

<equation30> ==> 2.

<equation31> ==> 2.

<equation32> ==> 2.

<equation33> ==> 2.

<equation34> ==> 2.

<equation35> ==> 2.

<equation36> ==> 2.

<equation37> ==> 2.

<equation38> ==> 2.

<equation39> ==> 2.

<equation40> ==> 2.

<equation41> ==> 2.

<equation42> ==> 2.

<equation43> ==> 2.

<equation44> ==> 2.

<equation45> ==> 2.

<equation46> ==> 2.

<equation47> ==> 2.

<equation48> ==> 2.

<equation49> ==> 2.

<equation50> ==> 2.

<equation51> ==> 2.

<equation52> ==> 2.

<equation53> ==> 2.

<equation54> ==> 2.

<equation55> ==> 2.

<equation56> ==> 2.

<equation57> ==> 2.

<equation58> ==> 2.

<equation59> ==> 2.

<equation60> ==> 2.

<equation61> ==> 2.

<equation62> ==> 2.

<equation63> ==> 2.

<equation64> ==> 2.

<equation65> ==> 2.

<equation66> ==> 2.

<equation67> ==> 2.

<equation68> ==> 2.

<equation69> ==> 2.

<equation70> ==> 2.

<equation71> ==> 2.

<equation72> ==> 2.

<equation73> ==> 2.

<equation74> ==> 2.

<equation75> ==> 2.

<equation76> ==> 2.

<equation77> ==> 2.

<equation78> ==> 2.

<equation79> ==> 2.

<equation80",0,59.5746275985,1024,484,1.0
igsm,depth_4_hierarchical_mod_7,Question. Z#R := C#A. C#A := V#I + O#R. U#U := 0. D#R := C#A * R#C. R#C := O#R * V#I. T#D := U#U * K#K. N#H := L#M. O#R := H#C. K#K := 5. H#C := 5. P#P := 1. L#M := 3. V#I := P#P * H#C. D#R?,5,False,da871fe0,1,"Answer with CoT.

<equation1> ==> 0.

<equation2> ==> 0.

<equation3> ==> 0.

<equation4> ==> 0.

<equation5> ==> 0.

<equation6> ==> 0.

<equation7> ==> 0.

<equation8> ==> 0.

<equation9> ==> 0.

<equation10> ==> 0.

<equation11> ==> 0.

<equation12> ==> 0.

<equation13> ==> 0.

<equation14> ==> 0.

<equation15> ==> 0.

<equation16> ==> 0.

<equation17> ==> 0.

<equation18> ==> 0.

<equation19> ==> 0.

<equation20> ==> 0.

<equation21> ==> 0.

<equation22> ==> 0.

<equation23> ==> 0.

<equation24> ==> 0.

<equation25> ==> 0.

<equation26> ==> 0.

<equation27> ==> 0.

<equation28> ==> 0.

<equation29> ==> 0.

<equation30> ==> 0.

<equation31> ==> 0.

<equation32> ==> 0.

<equation33> ==> 0.

<equation34> ==> 0.

<equation35> ==> 0.

<equation36> ==> 0.

<equation37> ==> 0.

<equation38> ==> 0.

<equation39> ==> 0.

<equation40> ==> 0.

<equation41> ==> 0.

<equation42> ==> 0.

<equation43> ==> 0.

<equation44> ==> 0.

<equation45> ==> 0.

<equation46> ==> 0.

<equation47> ==> 0.

<equation48> ==> 0.

<equation49> ==> 0.

<equation50> ==> 0.

<equation51> ==> 0.

<equation52> ==> 0.

<equation53> ==> 0.

<equation54> ==> 0.

<equation55> ==> 0.

<equation56> ==> 0.

<equation57> ==> 0.

<equation58> ==> 0.

<equation59> ==> 0.

<equation60> ==> 0.

<equation61> ==> 0.

<equation62> ==> 0.

<equation63> ==> 0.

<equation64> ==> 0.

<equation65> ==> 0.

<equation66> ==> 0.

<equation67> ==> 0.

<equation68> ==> 0.

<equation69> ==> 0.

<equation70> ==> 0.

<equation71> ==> 0.

<equation72> ==> 0.

<equation73> ==> 0.

<equation74> ==> 0.

<equation75> ==> 0.

<equation76> ==> 0.

<equation77> ==> 0.

<equation78> ==> 0.

<equation79> ==> 0.

<equation80",0,23.32951637600013,1024,484,0.0
igsm,depth_4_hierarchical_mod_7,Question. Z#L := 5. W#F := E#O + Y#X. L#F := Y#X. B#R := K#H. T#X := 4. K#H := K#N + D#Q. D#Q := Z#L * K#S. Y#X := K#N. E#O := D#Q. K#N := B#T - K#S. R#M := K#H + Y#X. S#G := 2. B#T := 5. K#S := 0. R#M?,3,False,357b3f4e,1,"Answer with CoT.

<equation1> ==> <value1>.
<equation2> ==> <value2>.
...
Final: <answer>",0,23.32951637600013,33,492,1.0
igsm,depth_4_hierarchical_mod_7,Question. X#H := R#O. A#B := 4. F#C := 2. Y#Y := M#W. U#B := 2. M#W := 3. R#O := Y#Y * D#O. Z#V := Y#Y. D#O := A#B * U#B. B#O := D#O. E#J := B#O + Z#V. V#L := 3. E#J?,4,False,96a0f47b,1,"Answer with CoT.

<equation1> ==> <value1>.
<equation2> ==> <value2>.
...
Final: <answer>",0,2.614046196499885,34,468,0.0
igsm,depth_4_hierarchical_mod_7,Question. D#L := L#N. Q#N := L#N. L#N := D#G. G#Z := 0. V#W := L#N. O#D := S#R - Y#L. S#R := G#Z * X#X. S#T := 6. D#G := X#X. B#E := S#T. L#O := O#D. X#X := 3. E#J := 2. Y#L := G#Z. Q#N?,3,False,f124bad5,1,"Answer with CoT.

<equation1> ==> <value1>.
<equation2> ==> <value2>.
...
Final: <answer>",0,2.614046196499885,34,481,1.0
igsm,depth_4_hierarchical_mod_7,Question. F#E := S#T. P#Y := 4. S#T := Z#O. Z#O := P#Y + Y#B. F#D := 5. Y#Z := X#U. H#W := Y#Z. X#U := F#D + P#Y. W#X := Y#Z * S#T. E#A := F#D - Y#B. Y#B := 2. F#E?,6,False,e1182886,1,"Answer with CoT.

<equation1> ==> <value1>.
<equation2> ==> <value2>.
...
Final: <answer>",0,2.5856737574999897,34,466,0.0
igsm,depth_4_hierarchical_mod_7,Question. R#E := A#G. P#H := 6. I#D := R#E * H#J. X#W := L#Q. S#K := 0. V#C := K#B - S#K. C#K := 6. H#J := A#G - V#C. K#B := 0. L#Q := A#G * V#C. A#G := P#H. X#W?,0,True,539b32ed,1,"Answer with CoT.

<equation1> ==> <value1>.
<equation2> ==> <value2>.
...
Final: <answer>",0,2.5856737574999897,34,465,1.0
igsm,depth_4_hierarchical_mod_7,Question. S#P := F#W * Q#B. D#C := H#Y. W#N := Z#I - V#W. M#F := R#L * V#W. X#O := 3. Q#U := Z#I. Q#B := W#N. F#W := Q#U. H#Y := Q#U. R#L := 6. M#P := X#O - V#W. V#W := 1. O#U := Q#U. H#U := H#Y + Q#B. Z#I := 2. D#C?,2,False,45116a6f,1,"Answer with CoT.

<equation1> ==> <value1>.
<equation2> ==> <value2>.
...

Final: <answer>",0,2.6562077235000743,35,501,0.0
igsm,depth_4_hierarchical_mod_7,Question. S#P := 5. Q#N := P#A + A#K. X#G := E#C + D#J. B#I := A#K. A#K := 1. E#C := 2. C#U := S#P * D#J. O#Y := H#P + O#Z. P#G := X#L. P#A := 5. H#P := X#G - Q#N. X#L := Q#N. D#J := 0. O#Z := B#I + X#G. O#Y?,6,False,b88afb8b,1,"Answer with CoT.

<equation1> ==> <value1>.
<equation2> ==> <value2>.
...
Final: <answer>",0,2.6562077235000743,33,496,1.0
igsm,depth_4_hierarchical_mod_7,Question. Z#U := 5. H#J := B#N. G#U := Y#I * H#J. G#H := I#X. V#G := 1. J#U := H#E. Y#I := B#N. C#E := O#S * G#U. I#X := 1. B#N := 1. C#L := 1. S#Z := H#J - Y#I. O#S := Y#I - G#H. H#E := H#J * G#H. C#E?,0,True,e77b762a,1,"Answer with CoT.

<equation1> ==> <value1>.
<equation2> ==> <value2>.
...
Final: <answer>",0,2.654769438500125,34,492,0.0
igsm,depth_4_hierarchical_mod_7,Question. S#D := Y#K - S#U. P#V := 6. Y#K := P#V - F#O. U#Z := Y#K + J#X. S#U := L#K - P#V. L#K := 1. W#D := S#D. F#O := 2. I#I := S#U * J#X. P#D := F#O - L#K. F#H := I#I. H#A := 5. J#X := L#K. W#D?,2,False,036ea648,1,"Answer with CoT.

<equation1> ==> <value1>.
<equation2> ==> <value2>.
...
Final: <answer>",0,2.654769438500125,34,489,1.0
igsm,depth_4_hierarchical_mod_7,Question. C#R := B#T. B#O := 0. D#N := Q#Y. N#O := C#R. B#T := F#Y. C#N := B#O. V#Y := C#R - P#T. Q#Y := 6. O#Q := F#Y + Q#Y. F#Y := 1. P#T := B#T. F#E := 5. V#Y?,0,True,f95b4c5d,1,"Answer with CoT.

<equation1> ==> <value1>.
<equation2> ==> <value2>.
...
Final: <answer>",0,2.639441942499843,34,465,0.0
igsm,depth_4_hierarchical_mod_7,Question. D#I := F#O. R#C := W#D. G#C := P#K. E#O := C#T * J#Q. C#T := E#P - R#C. P#K := 0. J#Q := G#C + E#P. D#G := J#Q + F#O. S#P := A#D. W#D := 2. Q#C := 2. E#P := P#K. J#L := F#O. F#O := R#C - G#C. A#D := Q#C - P#K. E#O?,0,True,ae9e5115,1,"Answer with CoT.

<equation1> ==> <value1>.
<equation2> ==> <value2>.
...
Final: <answer>",0,2.639441942499843,34,506,1.0
